ProjectName, Parent Project, Owner, DisplayName , EmailAddress , Role , Disabled , Department , LastLoginDate 
DFS - Strategy, DFS Structure, EPMO, Not Available , Not Available , Not Available , Not Available , Not Available , Not Available 
eWallet - DEV, DFS - Strategy, Sanjay Koshti, Sanjay Koshti , sanjaykoshti@discover.com , Scrum Master , False , Fisher , 2018-01-17T14:38:02.580Z 
eWallet - DEV, DFS - Strategy, Sanjay Koshti, Anil Y , anilyerroju@discover.com , Developer , False , Fisher , 2018-01-18T07:26:57.830Z 
DFS - Execution, DFS Structure, Sanjay Koshti, Sanjay Koshti , sanjaykoshti@discover.com , Scrum Master , False , Fisher , 2018-01-17T14:38:02.580Z 
Team EPMO - Development, DFS - Execution, Sanjay Koshti, Andre , andrefung@discover.com , None , False , Fisher , 2018-01-11T22:27:16.984Z 
Team EPMO - Development, DFS - Execution, Sanjay Koshti, JK , jkbarzycki@discover.com , Business Analyst , False , Fisher , 2018-01-18T13:18:46.736Z 
Team EPMO - Development, DFS - Execution, Sanjay Koshti, Sebrena , sebrenabrown@discover.com , Scrum Master , False , Fisher , 2018-01-08T14:54:08.328Z 
Team EPMO - Development, DFS - Execution, Sanjay Koshti, Sanjay Koshti , sanjaykoshti@discover.com , Scrum Master , False , Fisher , 2018-01-17T14:38:02.580Z 
Team EPMO - Development, DFS - Execution, Sanjay Koshti, Seun , oluwaseunodunlami@discover.com , Scrum Master , True , Fisher , 2016-07-08T13:18:43.701Z 
Team EPMO - Development, DFS - Execution, Sanjay Koshti, Anil Y , anilyerroju@discover.com , Developer , False , Fisher , 2018-01-18T07:26:57.830Z 
Compliance, DFS - Strategy, Sanjay Koshti, Not Available , Not Available , Not Available , Not Available , Not Available , Not Available 
Rewards, DFS - Strategy, Sanjay Koshti, Not Available , Not Available , Not Available , Not Available , Not Available , Not Available 
Acquisitions, DFS - Execution, Anil Y, Not Available , Not Available , Not Available , Not Available , Not Available , Not Available 
Enterprise Rewards Program, DFS - Strategy, Linda R, Not Available , Not Available , Not Available , Not Available , Not Available , Not Available 
Team Empire, DFS - Execution, Linda R, Not Available , Not Available , Not Available , Not Available , Not Available , Not Available 
Portfolio - Discover It Conversions Program, DFS - Strategy, Linda R, Not Available , Not Available , Not Available , Not Available , Not Available , Not Available 
Mktg Rewards Team 1, DFS - Execution, Linda R, Not Available , Not Available , Not Available , Not Available , Not Available , Not Available 
Team - SK Test, DFS - Execution, Sanjay Koshti, JK , jkbarzycki@discover.com , Business Analyst , False , Fisher , 2018-01-18T13:18:46.736Z 
Team - SK Test, DFS - Execution, Sanjay Koshti, lchandr , lavanyachandrasekar@discover.com , Agile Coach , False , Fisher , 2018-01-17T15:08:39.465Z 
Team - SK Test, DFS - Execution, Sanjay Koshti, Sanjay Koshti , sanjaykoshti@discover.com , Scrum Master , False , Fisher , 2018-01-17T14:38:02.580Z 
Team - SK Test, DFS - Execution, Sanjay Koshti, Anil Y , anilyerroju@discover.com , Developer , False , Fisher , 2018-01-18T07:26:57.830Z 
Marketing Operations Program, DFS - Strategy, Sebrena, Not Available , Not Available , Not Available , Not Available , Not Available , Not Available 
Team - SK Test Child, Team - SK Test, Sanjay Koshti, Anil Y , anilyerroju@discover.com , Developer , False , Fisher , 2018-01-18T07:26:57.830Z 
Team - SK Test Child, Team - SK Test, Sanjay Koshti, Corissa P , corissaperry@discover.com , Business Analyst , False , Zettler , 2018-01-18T14:12:22.169Z 
SK Test Copy Iterations, Team - SK Test, Sanjay Koshti, Not Available , Not Available , Not Available , Not Available , Not Available , Not Available 
JenkinsDevelopmentIntegrationProject, DFS - Execution, Sanjay Koshti, Not Available , Not Available , Not Available , Not Available , Not Available , Not Available 
ESQM Integration Development, DFS - Execution, Sai Subramanian Sivasailem, Not Available , Not Available , Not Available , Not Available , Not Available , Not Available 
Team Migration, DFS - Execution, Sithique Hasan, Not Available , Not Available , Not Available , Not Available , Not Available , Not Available 
AGILE, Team Migration, Sithique Hasan, Amuthan R , amuthanramachandran@discover.com , Tester , True , Fisher , 2016-09-20T20:58:01.238Z 
DMS, Team Migration, Sithique Hasan, Amuthan R , amuthanramachandran@discover.com , Tester , True , Fisher , 2016-09-20T20:58:01.238Z 
