ProjectName, Parent Project, Owner, DisplayName , EmailAddress , Role , Disabled , Department , LastLoginDate 
DFS - Strategy, DFS Structure, EPMO, Not Available , Not Available , Not Available , Not Available , Not Available , Not Available 
Team EPMO - Development, DFS - Execution, Sanjay Koshti, Seun , oluwaseunodunlami@discover.com , Scrum Master , True , Fisher , 2016-07-08T13:18:43.701Z 
Compliance, DFS - Strategy, Sanjay Koshti, Not Available , Not Available , Not Available , Not Available , Not Available , Not Available 
Rewards, DFS - Strategy, Sanjay Koshti, Not Available , Not Available , Not Available , Not Available , Not Available , Not Available 
Acquisitions, DFS - Execution, Anil Y, Not Available , Not Available , Not Available , Not Available , Not Available , Not Available 
Enterprise Rewards Program, DFS - Strategy, Linda R, Not Available , Not Available , Not Available , Not Available , Not Available , Not Available 
Team Empire, DFS - Execution, Linda R, Not Available , Not Available , Not Available , Not Available , Not Available , Not Available 
Portfolio - Discover It Conversions Program, DFS - Strategy, Linda R, Not Available , Not Available , Not Available , Not Available , Not Available , Not Available 
Mktg Rewards Team 1, DFS - Execution, Linda R, Not Available , Not Available , Not Available , Not Available , Not Available , Not Available 
Marketing Operations Program, DFS - Strategy, Sebrena, Not Available , Not Available , Not Available , Not Available , Not Available , Not Available 
SK Test Copy Iterations, Team - SK Test, Sanjay Koshti, Not Available , Not Available , Not Available , Not Available , Not Available , Not Available 
JenkinsDevelopmentIntegrationProject, DFS - Execution, Sanjay Koshti, Not Available , Not Available , Not Available , Not Available , Not Available , Not Available 
ESQM Integration Development, DFS - Execution, Sai Subramanian Sivasailem, Not Available , Not Available , Not Available , Not Available , Not Available , Not Available 
Team Migration, DFS - Execution, Sithique Hasan, Not Available , Not Available , Not Available , Not Available , Not Available , Not Available 
AGILE, Team Migration, Sithique Hasan, Amuthan R , amuthanramachandran@discover.com , Tester , True , Fisher , 2016-09-20T20:58:01.238Z 
DMS, Team Migration, Sithique Hasan, Amuthan R , amuthanramachandran@discover.com , Tester , True , Fisher , 2016-09-20T20:58:01.238Z 
